id;content;created_date;image
1;payment Hawaii Health;2022-03-31T04:37:49;monitor
2;Lead;2022-03-31T05:13:55;Gorgeous invoice
3;programming;2022-03-31T13:48:39;Fresh cross-platform
4;green Manager indigo;2022-03-31T07:56:43;calculating Savings feed
5;application morph;2022-03-31T17:14:55;lime frictionless
6;Garden;2022-03-31T05:00:04;state Unbranded Springs
7;Industrial Senior;2022-03-31T14:31:42;Handcrafted
8;Intelligent District;2022-03-31T11:14:57;salmon
9;FTP;2022-03-31T22:30:32;bypass
10;North Orchestrator;2022-03-31T13:25:20;data-warehouse Facilitator Keyboard
